GSS CODE,SNAC CODE,AUTHORITY,Code,NameS12000033,00QA,Aberdeen City,9051,ABERDEEN CITYS12000034,00QB,Aberdeenshire,9052,ABERDEENSHIREE07000223,45UB,Adur,3805,ADURE07000026,16UB,Allerdale,905,ALLERDALEE07000032,17UB,Amber Valley,1005,AMBER VALLEYS12000041,00QC,Angus,9053,ANGUSS12000035,00QD,Argyll and Bute,9054,ARGYLL AND BUTEE07000224,45UC,Arun,3810,ARUNE07000170,37UB,Ashfield,3005,ASHFIELDE07000105,29UB,Ashford,2205,ASHFORDE07000004,11UB,Aylesbury Vale,405,AYLESBURY VALEE07000200,42UB,Babergh,3505,BABERGHE09000002,00AB,Barking and Dagenham,5060,BARKING AND DAGENHAME09000003,00AC,Barnet,5090,BARNETE08000016,00CC,Barnsley,4405,BARNSLEYE07000027,16UC,Barrow-in-Furness,910,BARROW-IN-FURNESSE07000066,22UB,Basildon,1505,BASILDONE07000084,24UB,Basingstoke and Deane,1705,BASINGSTOKE AND DEANEE07000171,37UC,Bassetlaw,3010,BASSETLAWE06000022,00HA,Bath and North East Somerset,114,BATH AND NORTH EAST SOMERSETE06000055,00KB,Bedford,235,BEDFORDE09000004,00AD,Bexley,5120,BEXLEYE08000025,00CN,Birmingham,4605,BIRMINGHAME07000129,31UB,Blaby,2405,BLABYE06000008,00EX,Blackburn,2372,BLACKBURNE06000009,00EY,Blackpool,2373,BLACKPOOLW06000019,00PL,Blaenau Gwent,6910,BLAENAU GWENTE07000033,17UC,Bolsover,1010,BOLSOVERE08000001,00BL,Bolton,4205,BOLTONE07000136,32UB,Boston,2505,BOSTONE06000028,00HN,Bournemouth,1250,BOURNEMOUTHE06000036,00MA,Bracknell Forest,335,BRACKNELL FORESTE08000032,00CX,Bradford,4705,BRADFORDE07000067,22UC,Braintree,1510,BRAINTREEE07000143,33UB,Breckland,2605,BRECKLANDE09000005,00AE,Brent,5150,BRENTE07000068,22UD,Brentwood,1515,BRENTWOODW06000013,00PB,Bridgend,6915,BRIDGENDE06000043,00ML,Brighton and Hove,1445,BRIGHTON AND HOVEE06000023,00HB,"Bristol, City of",116,BRISTOL CITYE07000144,33UC,Broadland,2610,BROADLANDE09000006,00AF,Bromley,5180,BROMLEYE07000234,47UB,Bromsgrove,1805,BROMSGROVEE07000095,26UB,Broxbourne,1905,BROXBOURNEE07000172,37UD,Broxtowe,3015,BROXTOWEE07000117,30UD,Burnley,2315,BURNLEYE08000002,00BM,Bury,4210,BURYW06000018,00PK,Caerphilly,6920,CAERPHILLYE08000033,00CY,Calderdale,4710,CALDERDALEE07000008,12UB,Cambridge,505,CAMBRIDGEE09000007,00AG,Camden,5210,CAMDENE07000192,41UB,Cannock Chase,3405,CANNOCK CHASEE07000106,29UC,Canterbury,2210,CANTERBURYW06000015,00PT,Cardiff,6815,CARDIFFE07000028,16UD,Carlisle,915,CARLISLEW06000010,00NU,Carmarthenshire,6825,CARMARTHENSHIREE07000069,22UE,Castle Point,1520,CASTLE POINTE06000056,00KC,Central Bedfordshire,240,CENTRAL BEDFORDSHIREW06000008,00NQ,Ceredigion,6820,CEREDIGIONE07000130,31UC,Charnwood,2410,CHARNWOODE07000070,22UF,Chelmsford,1525,CHELMSFORDE07000078,23UB,Cheltenham,1605,CHELTENHAME07000177,38UB,Cherwell,3105,CHERWELLE06000049,00EQ,Cheshire East,660,CHESHIRE EASTE06000050,00EW,Cheshire West and Chester,665,CHESHIRE WEST AND CHESTERE07000034,17UD,Chesterfield,1015,CHESTERFIELDE07000225,45UD,Chichester,3815,CHICHESTERE07000005,11UC,Chiltern,415,CHILTERNE07000118,30UE,Chorley,2320,CHORLEYE07000048,19UC,Christchurch,1210,CHRISTCHURCHS12000036,00QP,City of Edinburgh,9064,CITY OF EDINBURGHE09000001,00AA,City of London,5030,CITY OF LONDONS12000005,00QF,Clackmannanshire,9056,CLACKMANNANSHIREE07000071,22UG,Colchester,1530,COLCHESTERW06000003,00NE,Conwy,6905,CONWYE07000029,16UE,Copeland,920,COPELANDE07000150,34UB,Corby,2805,CORBYE06000052,00HE,Cornwall,840,CORNWALLE07000079,23UC,Cotswold,1610,COTSWOLDE08000026,00CQ,Coventry,4610,COVENTRYE07000163,36UB,Craven,2705,CRAVENE07000226,45UE,Crawley,3820,CRAWLEYE09000008,00AH,Croydon,5240,CROYDONE07000096,26UC,Dacorum,1910,DACORUME06000005,00EH,Darlington,1350,DARLINGTONE07000107,29UD,Dartford,2215,DARTFORDE07000151,34UC,Daventry,2810,DAVENTRYW06000004,00NG,Denbighshire,6830,DENBIGHSHIREE06000015,00FK,Derby,1055,DERBYE07000035,17UF,Derbyshire Dales,1045,DERBYSHIRE DALESE08000017,00CE,Doncaster,4410,DONCASTERE07000108,29UE,Dover,2220,DOVERE08000027,00CR,Dudley,4615,DUDLEYS12000006,00QH,Dumfries and Galloway,9058,DUMFRIES AND GALLOWAYS12000042,00QJ,Dundee City,9059,DUNDEE CITYE06000047,00EJ,Durham,1355,DURHAME09000009,00AJ,Ealing,5270,EALINGS12000008,00QK,East Ayrshire,9060,EAST AYRSHIREE07000009,12UC,East Cambridgeshire,510,EAST CAMBRIDGESHIREE07000040,18UB,East Devon,1105,EAST DEVONE07000049,19UD,East Dorset,1240,EAST DORSETS12000045,00QL,East Dunbartonshire,9061,EAST DUNBARTONSHIREE07000085,24UC,East Hampshire,1710,EAST HAMPSHIREE07000242,26UD,East Hertfordshire,1915,EAST HERTFORDSHIREE07000137,32UC,East Lindsey,2510,EAST LINDSEYS12000010,00QM,East Lothian,9062,EAST LOTHIANE07000152,34UD,East Northamptonshire,2815,EAST NORTHAMPTONSHIRES12000011,00QN,East Renfrewshire,9063,EAST RENFREWSHIREE06000011,00FB,East Riding of Yorkshire,2001,EAST RIDING OF YORKSHIREE07000193,41UC,East Staffordshire,3410,EAST STAFFORDSHIREE07000061,21UC,Eastbourne,1410,EASTBOURNEE07000086,24UD,Eastleigh,1715,EASTLEIGHE07000030,16UF,Eden,925,EDENS12000013,00RJ,Eilean Siar,9020,Eileanan an IarE07000207,43UB,Elmbridge,3605,ELMBRIDGEE09000010,00AK,Enfield,5300,ENFIELDE07000072,22UH,Epping Forest,1535,EPPING FORESTE07000208,43UC,Epsom and Ewell,3610,EPSOM AND EWELLE07000036,17UG,Erewash,1025,EREWASHE07000041,18UC,Exeter,1110,EXETERS12000014,00QQ,Falkirk,9065,FALKIRKE07000087,24UE,Fareham,1720,FAREHAME07000010,12UD,Fenland,515,FENLANDS12000015,00QR,Fife,9066,FIFEW06000005,00NJ,Flintshire,6835,FLINTSHIREE07000201,42UC,Forest Heath,3510,FOREST HEATHE07000080,23UD,Forest of Dean,1615,FOREST OF DEANE07000119,30UF,Fylde,2325,FYLDEE08000037,00CH,Gateshead,4505,GATESHEADE07000173,37UE,Gedling,3020,GEDLINGS12000046,00QS,Glasgow City,9067,GLASGOW CITYE07000081,23UE,Gloucester,1620,GLOUCESTERE07000088,24UF,Gosport,1725,GOSPORTE07000109,29UG,Gravesham,2230,GRAVESHAME07000145,33UD,Great Yarmouth,2615,GREAT YARMOUTHE09000011,00AL,Greenwich,5330,GREENWICHE07000209,43UD,Guildford,3615,GUILDFORDW06000002,00NC,Gwynedd,6810,GWYNEDDE09000012,00AM,Hackney,5360,HACKNEYE06000006,00ET,Halton,650,HALTONE07000164,36UC,Hambleton,2710,HAMBLETONE09000013,00AN,Hammersmith and Fulham,5390,HAMMERSMITH AND FULHAME07000131,31UD,Harborough,2415,HARBOROUGHE09000014,00AP,Haringey,5420,HARINGEYE07000073,22UJ,Harlow,1540,HARLOWE07000165,36UD,Harrogate,2715,HARROGATEE09000015,00AQ,Harrow,5450,HARROWE07000089,24UG,Hart,1730,HARTE06000001,00EB,Hartlepool,724,HARTLEPOOLE07000062,21UD,Hastings,1415,HASTINGSE07000090,24UH,Havant,1735,HAVANTE09000016,00AR,Havering,5480,HAVERINGE06000019,00GA,"Herefordshire, County of",1850,HEREFORDSHIREE07000098,26UE,Hertsmere,1920,HERTSMEREE07000037,17UH,High Peak,1030,HIGH PEAKS12000017,00QT,Highland,9068,HIGHLANDE09000017,00AS,Hillingdon,5510,HILLINGDONE07000132,31UE,Hinckley and Bosworth,2420,HINCKLEY AND BOSWORTHE07000227,45UF,Horsham,3825,HORSHAME09000018,00AT,Hounslow,5540,HOUNSLOWE07000011,12UE,Huntingdonshire,520,HUNTINGDONSHIREE07000120,30UG,Hyndburn,2330,HYNDBURNS12000018,00QU,Inverclyde,9069,INVERCLYDEE07000202,42UD,Ipswich,3515,IPSWICHW06000001,00NA,Isle of Anglesey,6805,ISLE OF ANGLESEYE06000046,00MW,Isle of Wight,2114,ISLE OF WIGHTE06000053,00HF,Isles of Scilly,835,ISLES OF SCILLYE09000019,00AU,Islington,5570,ISLINGTONE09000020,00AW,Kensington and Chelsea,5600,KENSINGTON AND CHELSEAE07000153,34UE,Kettering,2820,KETTERINGE07000146,33UE,Kings Lynn and West Norfolk,2635,KINGS LYNN AND WEST NORFOLKE06000010,00FA,"Kingston upon Hull, City of",2004,KINGSTON UPON HULLE09000021,00AX,Kingston upon Thames,5630,KINGSTON UPON THAMESE08000034,00CZ,Kirklees,4715,KIRKLEESE08000011,00BX,Knowsley,4305,KNOWSLEYE09000022,00AY,Lambeth,5660,LAMBETHE07000121,30UH,Lancaster,2335,LANCASTER CITYE08000035,00DA,Leeds,4720,LEEDSE06000016,00FN,Leicester,2465,LEICESTERE07000063,21UF,Lewes,1425,LEWESE09000023,00AZ,Lewisham,5690,LEWISHAME07000194,41UD,Lichfield,3415,LICHFIELDE07000138,32UD,Lincoln,2515,LINCOLNE08000012,00BY,Liverpool,4310,LIVERPOOLE06000032,00KA,Luton,230,LUTONE07000110,29UH,Maidstone,2235,MAIDSTONEE07000074,22UK,Maldon,1545,MALDONE07000235,47UC,Malvern Hills,1820,MALVERN HILLSE08000003,00BN,Manchester,4215,MANCHESTERE07000174,37UF,Mansfield,3025,MANSFIELDE06000035,00LC,Medway,2280,MEDWAYE07000133,31UG,Melton,2430,MELTONE07000187,40UB,Mendip,3305,MENDIPW06000024,00PH,Merthyr Tydfil,6925,MERTHYR TYDFILE09000024,00BA,Merton,5720,MERTONE07000042,18UD,Mid Devon,1135,MID DEVONE07000203,42UE,Mid Suffolk,3520,MID SUFFOLKE07000228,45UG,Mid Sussex,3830,MID SUSSEXE06000002,00EC,Middlesbrough,734,MIDDLESBROUGHS12000019,00QW,Midlothian,9070,MIDLOTHIANE06000042,00MG,Milton Keynes,435,MILTON KEYNESE07000210,43UE,Mole Valley,3620,MOLE VALLEYW06000021,00PP,Monmouthshire,6840,MONMOUTHSHIRES12000020,00QX,Moray,9071,MORAYW06000012,00NZ,Neath Port Talbot,6930,NEATH PORT TALBOTE07000091,24UJ,New Forest,1740,NEW FORESTE07000175,37UG,Newark and Sherwood,3030,NEWARK AND SHERWOODE08000021,00CJ,Newcastle upon Tyne,4510,NEWCASTLE CITYE07000195,41UE,Newcastle-under-Lyme,3420,NEWCASTLE-UNDER-LYMEE09000025,00BB,Newham,5750,NEWHAMW06000022,00PR,Newport,6935,NEWPORTS12000021,00QY,North Ayrshire,9072,NORTH AYRSHIREE07000043,18UE,North Devon,1115,NORTH DEVONE07000050,19UE,North Dorset,1215,NORTH DORSETE07000038,17UJ,North East Derbyshire,1035,NORTH EAST DERBYSHIREE06000012,00FC,North East Lincolnshire,2002,NORTH EAST LINCOLNSHIREE07000099,26UF,North Hertfordshire,1925,NORTH HERTFORDSHIREE07000139,32UE,North Kesteven,2520,NORTH KESTEVENS12000044,00QZ,North Lanarkshire,9073,NORTH LANARKSHIREE06000013,00FD,North Lincolnshire,2003,NORTH LINCOLNSHIREE07000147,33UF,North Norfolk,2620,NORTH NORFOLKE06000024,00HC,North Somerset,121,NORTH SOMERSETE08000022,00CK,North Tyneside,4515,NORTH TYNESIDEE07000218,44UB,North Warwickshire,3705,NORTH WARWICKSHIREE07000134,31UH,North West Leicestershire,2435,NORTH WEST LEICESTERSHIREE07000154,34UF,Northampton,2825,NORTHAMPTONE06000057,00EM,Northumberland,2935,NORTHUMBERLANDE07000148,33UG,Norwich,2625,NORWICHE06000018,00FY,Nottingham,3060,NOTTINGHAM CITYE07000219,44UC,Nuneaton and Bedworth,3710,NUNEATON AND BEDWORTHE07000135,31UJ,Oadby and Wigston,2440,OADBY AND WIGSTONE08000004,00BP,Oldham,4220,OLDHAMS12000023,00RA,Orkney Islands,9000,ORKNEY ISLANDSE07000178,38UC,Oxford,3110,OXFORDW06000009,00NS,Pembrokeshire,6845,PEMBROKESHIREE07000122,30UJ,Pendle,2340,PENDLES12000024,00RB,Perth and Kinross,9074,PERTH AND KINROSSE06000031,00JA,Peterborough,540,PETERBOROUGHE06000026,00HG,Plymouth,1160,PLYMOUTHE06000029,00HP,Poole,1255,POOLEE06000044,00MR,Portsmouth,1775,PORTSMOUTHW06000023,00NN,Powys,6850,POWYSE07000123,30UK,Preston,2345,PRESTONE07000051,19UG,Purbeck,1225,PURBECKE06000038,00MC,Reading,345,READINGE09000026,00BC,Redbridge,5780,REDBRIDGEE06000003,00EE,Redcar and Cleveland,728,REDCAR AND CLEVELANDE07000236,47UD,Redditch,1825,REDDITCHE07000211,43UF,Reigate and Banstead,3625,REIGATE AND BANSTEADS12000038,00RC,Renfrewshire,9075,RENFREWSHIREW06000016,00PF,Rhondda Cynon Taf,6940,RHONDDA CYNON TAFE07000124,30UL,Ribble Valley,2350,RIBBLE VALLEYE09000027,00BD,Richmond upon Thames,5810,RICHMOND UPON THAMESE07000166,36UE,Richmondshire,2720,RICHMONDSHIREE08000005,00BQ,Rochdale,4225,ROCHDALEE07000075,22UL,Rochford,1550,ROCHFORDE07000125,30UM,Rossendale,2355,ROSSENDALEE07000064,21UG,Rother,1430,ROTHERE08000018,00CF,Rotherham,4415,ROTHERHAME07000220,44UD,Rugby,3715,RUGBYE07000212,43UG,Runnymede,3630,RUNNYMEDEE07000176,37UJ,Rushcliffe,3040,RUSHCLIFFEE07000092,24UL,Rushmoor,1750,RUSHMOORE06000017,00FP,Rutland,2470,RUTLANDE07000167,36UF,Ryedale,2725,RYEDALEE08000006,00BR,Salford,4230,SALFORDE08000028,00CS,Sandwell,4620,SANDWELLE07000168,36UG,Scarborough,2730,SCARBOROUGHS12000026,00QE,Scottish Borders,9055,SCOTTISH BORDERSE07000188,40UC,Sedgemoor,3310,SEDGEMOORE08000014,00CA,Sefton,4320,SEFTONE07000169,36UH,Selby,2735,SELBYE07000111,29UK,Sevenoaks,2245,SEVENOAKSE08000019,00CG,Sheffield,4420,SHEFFIELDE07000112,29UL,Shepway,2250,SHEPWAYS12000027,00RD,Shetland Islands,9010,SHETLAND ISLANDSE06000051,00GG,Shropshire,3245,SHROPSHIREE06000039,00MD,Slough,350,SLOUGHE08000029,00CT,Solihull,4625,SOLIHULLS12000028,00RE,South Ayrshire,9076,SOUTH AYRSHIREE07000006,11UE,South Bucks,410,SOUTH BUCKSE07000012,12UG,South Cambridgeshire,530,SOUTH CAMBRIDGESHIREE07000039,17UK,South Derbyshire,1040,SOUTH DERBYSHIREE06000025,00HD,South Gloucestershire,119,SOUTH GLOUCESTERSHIREE07000044,18UG,South Hams,1125,SOUTH HAMSE07000140,32UF,South Holland,2525,SOUTH HOLLANDE07000141,32UG,South Kesteven,2530,SOUTH KESTEVENE07000031,16UG,South Lakeland,930,SOUTH LAKELANDS12000029,00RF,South Lanarkshire,9077,SOUTH LANARKSHIREE07000149,33UH,South Norfolk,2630,SOUTH NORFOLKE07000155,34UG,South Northamptonshire,2830,SOUTH NORTHAMPTONSHIREE07000179,38UD,South Oxfordshire,3115,SOUTH OXFORDSHIREE07000126,30UN,South Ribble,2360,SOUTH RIBBLEE07000189,40UD,South Somerset,3325,SOUTH SOMERSETE07000196,41UF,South Staffordshire,3430,SOUTH STAFFORDSHIREE08000023,00CL,South Tyneside,4520,SOUTH TYNESIDEE06000045,00MS,Southampton,1780,SOUTHAMPTONE06000033,00KF,Southend-on-Sea,1590,SOUTHEND-ON-SEAE09000028,00BE,Southwark,5840,SOUTHWARKE07000213,43UH,Spelthorne,3635,SPELTHORNEE07000240,26UG,St Albans,1930,ST ALBANSE07000204,42UF,St Edmundsbury,3525,ST EDMUNDSBURYE08000013,00BZ,St Helens,4315,ST HELENSE07000197,41UG,Stafford,3425,STAFFORDE07000198,41UH,Staffordshire Moorlands,3435,STAFFORDSHIRE MOORLANDSE07000243,26UH,Stevenage,1935,STEVENAGES12000030,00RG,Stirling,9078,STIRLINGE08000007,00BS,Stockport,4235,STOCKPORTE06000004,00EF,Stockton-on-Tees,738,STOCKTON-ON-TEESE06000021,00GL,Stoke-on-Trent,3455,STOKE-ON-TRENTE07000221,44UE,Stratford-on-Avon,3720,STRATFORD-ON-AVONE07000082,23UF,Stroud,1625,STROUDE07000205,42UG,Suffolk Coastal,3530,SUFFOLK COASTALE08000024,00CM,Sunderland,4525,SUNDERLANDE07000214,43UJ,Surrey Heath,3640,SURREY HEATHE09000029,00BF,Sutton,5870,SUTTONE07000113,29UM,Swale,2255,SWALEW06000011,00NX,Swansea,6855,SWANSEAE06000030,00HX,Swindon,3935,SWINDONE08000008,00BT,Tameside,4240,TAMESIDEE07000199,41UK,Tamworth,3445,TAMWORTHE07000215,43UK,Tandridge,3645,TANDRIDGEE07000190,40UE,Taunton Deane,3315,TAUNTON DEANEE07000045,18UH,Teignbridge,1130,TEIGNBRIDGEE06000020,00GF,Telford and Wrekin,3240,TELFORDE07000076,22UN,Tendring,1560,TENDRINGE07000093,24UN,Test Valley,1760,TEST VALLEYE07000083,23UG,Tewkesbury,1630,TEWKESBURYE07000114,29UN,Thanet,2260,THANET DISTRICTE07000102,26UJ,Three Rivers,1940,THREE RIVERSE06000034,00KG,Thurrock,1595,THURROCKE07000115,29UP,Tonbridge and Malling,2265,TONBRIDGE AND MALLINGE06000027,00HH,Torbay,1165,TORBAYW06000020,00PM,Torfaen,6945,TORFAENE07000046,18UK,Torridge,1145,TORRIDGEE09000030,00BG,Tower Hamlets,5900,TOWER HAMLETSE08000009,00BU,Trafford,4245,TRAFFORDE07000116,29UQ,Tunbridge Wells,2270,TUNBRIDGE WELLSE07000077,22UQ,Uttlesford,1570,UTTLESFORDW06000014,00PD,Vale of Glamorgan,6950,VALE OF GLAMORGANE07000180,38UE,Vale of White Horse,3120,VALE OF WHITE HORSEE08000036,00DB,Wakefield,4725,WAKEFIELDE08000030,00CU,Walsall,4630,WALSALLE09000031,00BH,Waltham Forest,5930,WALTHAM FORESTE09000032,00BJ,Wandsworth,5960,WANDSWORTHE06000007,00EU,Warrington,655,WARRINGTONE07000222,44UF,Warwick,3725,WARWICKE07000103,26UK,Watford,1945,WATFORDE07000206,42UH,Waveney,3535,WAVENEYE07000216,43UL,Waverley,3650,WAVERLEYE07000065,21UH,Wealden,1435,WEALDENE07000156,34UH,Wellingborough,2835,WELLINGBOROUGHE07000241,26UL,Welwyn Hatfield,1950,WELWYN HATFIELDE06000037,00MB,West Berkshire,340,WEST BERKSHIREE07000047,18UL,West Devon,1150,WEST DEVONE07000052,19UH,West Dorset,1230,WEST DORSETS12000039,00QG,West Dunbartonshire,9057,WEST DUNBARTONSHIREE07000127,30UP,West Lancashire,2365,WEST LANCASHIREE07000142,32UH,West Lindsey,2535,WEST LINDSEYS12000040,00RH,West Lothian,9079,WEST LOTHIANE07000181,38UF,West Oxfordshire,3125,WEST OXFORDSHIREE07000191,40UF,West Somerset,3320,WEST SOMERSETE09000033,00BK,Westminster,5990,WESTMINSTERE07000053,19UJ,Weymouth and Portland,1235,WEYMOUTH AND PORTLANDE08000010,00BW,Wigan,4250,WIGANE06000054,00HY,Wiltshire,3940,WILTSHIREE07000094,24UP,Winchester,1765,WINCHESTERE06000040,00ME,Windsor and Maidenhead,355,WINDSOR AND MAIDENHEADE08000015,00CB,Wirral,4325,WIRRALE07000217,43UM,Woking,3655,WOKINGE06000041,00MF,Wokingham,360,WOKINGHAME08000031,00CW,Wolverhampton,4635,WOLVERHAMPTONE07000237,47UE,Worcester,1835,WORCESTERE07000229,45UH,Worthing,3835,WORTHINGW06000006,00NL,Wrexham,6955,WREXHAME07000238,47UF,Wychavon,1840,WYCHAVONE07000007,11UF,Wycombe,425,WYCOMBEE07000128,30UQ,Wyre,2370,WYREE07000239,47UG,Wyre Forest,1845,WYRE FORESTE06000014,00FF,York,2741,YORK